n,win,avgR,sumR,pf,maxDD_R,pts,min_score,kz_mode,hold_bars,atr_mult,stop_buf
26,65.4,0.29,7.5,1.92,3.7,86.7,3,가중,1,2.0,2.0
26,65.4,0.29,7.5,1.92,3.7,86.7,4,가중,1,2.0,2.0
51,56.9,0.13,6.5,1.31,4.4,10.6,3,가중,1,1.5,2.0
26,61.5,0.24,6.2,1.67,3.6,40.9,3,가중,1,2.0,0.5
26,61.5,0.24,6.2,1.67,3.6,40.9,4,가중,1,2.0,0.5
26,61.5,0.23,6.0,1.65,3.6,43.1,4,가중,1,2.0,1.0
26,61.5,0.23,6.0,1.65,3.6,43.1,3,가중,1,2.0,1.0
50,56.0,0.11,5.5,1.27,4.4,-1.9,4,가중,1,1.5,2.0
33,57.6,0.16,5.2,1.41,2.7,-28.7,5,가중,1,1.5,2.0
26,61.5,0.18,4.8,1.54,3.0,-31.3,5,가중,2,1.5,2.0
20,60.0,0.23,4.5,1.62,3.0,-14.0,3,가중,2,2.0,0.5
20,60.0,0.23,4.5,1.62,3.0,-14.0,4,가중,2,2.0,0.5
20,65.0,0.23,4.5,1.77,1.6,37.9,5,필수,2,1.5,2.0
20,60.0,0.21,4.3,1.59,3.0,-14.7,3,가중,2,2.0,1.0
20,60.0,0.21,4.3,1.59,3.0,-14.7,4,가중,2,2.0,1.0
14,64.3,0.29,4.1,1.96,2.0,52.2,3,필수,2,2.0,0.5
26,57.7,0.16,4.1,1.41,3.0,-44.0,5,가중,2,1.5,0.5
14,64.3,0.29,4.1,1.96,2.0,52.2,4,필수,2,2.0,0.5
8,75.0,0.51,4.1,4.22,0.3,23.7,5,필수,2,2.0,0.5
8,75.0,0.49,3.9,4.1,0.3,23.9,5,필수,2,2.0,1.0
14,64.3,0.28,3.9,1.92,2.0,52.4,4,필수,2,2.0,1.0
14,64.3,0.28,3.9,1.92,2.0,52.4,3,필수,2,2.0,1.0
26,57.7,0.15,3.8,1.39,3.0,-44.7,5,가중,2,1.5,1.0
20,60.0,0.19,3.8,1.53,3.0,-16.2,4,가중,2,2.0,2.0
20,60.0,0.19,3.8,1.53,3.0,-16.2,3,가중,2,2.0,2.0
8,75.0,0.45,3.6,3.88,0.2,24.4,5,필수,2,2.0,2.0
14,64.3,0.26,3.6,1.85,2.0,53.0,4,필수,2,2.0,2.0
20,60.0,0.18,3.6,1.53,1.6,22.2,5,필수,2,1.5,0.5
51,51.0,0.07,3.6,1.16,7.4,-49.7,3,가중,1,1.5,0.5
14,64.3,0.26,3.6,1.85,2.0,53.0,3,필수,2,2.0,2.0
20,60.0,0.17,3.4,1.5,1.6,22.4,5,필수,2,1.5,1.0
37,51.4,0.09,3.4,1.21,4.8,-67.3,3,가중,2,1.5,2.0
37,48.6,0.08,2.9,1.17,5.8,-73.1,3,가중,2,1.5,0.5
37,48.6,0.07,2.6,1.15,5.8,-76.1,3,가중,2,1.5,1.0
50,50.0,0.05,2.6,1.11,7.4,-60.7,4,가중,1,1.5,0.5
24,58.3,0.11,2.5,1.29,3.6,5.1,3,필수,2,1.5,2.0
24,58.3,0.11,2.5,1.29,3.6,5.1,4,필수,2,1.5,2.0
36,50.0,0.07,2.4,1.15,4.8,-79.5,4,가중,2,1.5,2.0
51,51.0,0.04,2.2,1.09,7.4,-64.5,3,가중,1,1.5,1.0
10,60.0,0.21,2.1,1.64,1.0,-97.6,5,가중,2,2.0,0.5
36,47.2,0.05,1.9,1.11,5.8,-83.9,4,가중,2,1.5,0.5
10,60.0,0.19,1.9,1.58,1.0,-98.3,5,가중,2,2.0,1.0
33,51.5,0.06,1.9,1.13,4.4,-87.0,5,가중,1,1.5,0.5
33,51.5,0.05,1.7,1.11,4.4,-86.8,5,가중,1,1.5,1.0
24,54.2,0.07,1.6,1.16,3.6,-7.6,4,필수,2,1.5,0.5
10,60.0,0.16,1.6,1.49,1.0,-99.8,5,가중,2,2.0,2.0
36,47.2,0.04,1.6,1.09,5.8,-87.4,4,가중,2,1.5,1.0
24,54.2,0.07,1.6,1.16,3.6,-7.6,3,필수,2,1.5,0.5
24,54.2,0.06,1.4,1.15,3.6,-8.3,3,필수,2,1.5,1.0
24,54.2,0.06,1.4,1.15,3.6,-8.3,4,필수,2,1.5,1.0
50,50.0,0.02,1.2,1.05,7.4,-76.0,4,가중,1,1.5,1.0
17,52.9,0.06,1.0,1.14,4.0,-4.1,4,필수,1,2.0,2.0
11,54.5,0.09,1.0,1.24,2.0,-23.4,5,필수,1,2.0,2.0
17,52.9,0.06,1.0,1.14,4.0,-4.1,3,필수,1,2.0,2.0
26,50.0,0.02,0.5,1.04,2.6,-56.9,5,필수,1,1.5,2.0
12,50.0,0.0,0.0,1.0,2.0,-142.1,5,가중,1,2.0,2.0
66,50.0,-0.01,-0.5,0.98,9.1,-121.6,5,가중,1,1.0,2.0
17,47.1,-0.04,-0.6,0.92,5.0,-43.7,4,필수,1,2.0,0.5
11,45.5,-0.06,-0.6,0.88,3.0,-62.9,5,필수,1,2.0,0.5
17,47.1,-0.04,-0.6,0.92,5.0,-43.7,3,필수,1,2.0,0.5
17,47.1,-0.04,-0.8,0.91,5.0,-45.2,3,필수,1,2.0,1.0
17,47.1,-0.04,-0.8,0.91,5.0,-45.2,4,필수,1,2.0,1.0
11,45.5,-0.07,-0.8,0.85,3.0,-64.4,5,필수,1,2.0,1.0
30,46.7,-0.05,-1.5,0.9,5.6,-99.1,3,필수,1,1.5,2.0
30,46.7,-0.05,-1.5,0.9,5.6,-99.1,4,필수,1,1.5,2.0
12,41.7,-0.13,-1.6,0.74,4.0,-180.2,5,가중,1,2.0,0.5
12,41.7,-0.15,-1.8,0.71,4.0,-182.2,5,가중,1,2.0,1.0
44,47.7,-0.04,-1.9,0.9,9.6,-114.6,3,필수,2,1.0,2.0
44,47.7,-0.04,-1.9,0.9,9.6,-114.6,4,필수,2,1.0,2.0
37,48.6,-0.06,-2.4,0.86,9.6,-149.8,5,필수,2,1.0,2.0
49,44.9,-0.05,-2.5,0.9,8.8,-234.4,5,가중,2,1.0,2.0
26,42.3,-0.12,-3.1,0.77,5.6,-111.1,5,필수,1,1.5,0.5
49,42.9,-0.07,-3.2,0.87,9.9,-236.9,5,가중,2,1.0,1.0
26,42.3,-0.13,-3.3,0.76,5.6,-113.9,5,필수,1,1.5,1.0
37,45.9,-0.09,-3.4,0.81,9.7,-157.8,5,필수,2,1.0,1.0
66,45.5,-0.05,-3.5,0.89,12.2,-172.7,5,가중,1,1.0,0.5
49,42.9,-0.07,-3.6,0.86,10.6,-238.2,5,가중,2,1.0,0.5
69,44.9,-0.06,-3.9,0.88,8.7,-231.0,4,가중,2,1.0,2.0
37,45.9,-0.11,-3.9,0.78,10.4,-161.9,5,필수,2,1.0,0.5
85,48.2,-0.06,-4.7,0.89,14.3,-141.3,4,가중,1,1.0,2.0
66,45.5,-0.07,-4.9,0.86,12.3,-191.8,5,가중,1,1.0,1.0
72,44.4,-0.07,-4.9,0.86,8.7,-263.2,3,가중,2,1.0,2.0
44,43.2,-0.12,-5.1,0.77,9.6,-166.5,3,필수,2,1.0,1.0
44,43.2,-0.12,-5.1,0.77,9.6,-166.5,4,필수,2,1.0,1.0
30,40.0,-0.18,-5.3,0.68,8.6,-154.1,3,필수,1,1.5,1.0
30,40.0,-0.18,-5.3,0.68,8.6,-154.1,4,필수,1,1.5,1.0
91,46.2,-0.06,-5.6,0.88,15.0,-190.1,3,가중,1,1.0,0.5
44,43.2,-0.13,-5.7,0.74,10.4,-170.2,4,필수,2,1.0,0.5
88,47.7,-0.06,-5.7,0.87,15.3,-172.9,3,가중,1,1.0,2.0
44,43.2,-0.13,-5.7,0.74,10.4,-170.2,3,필수,2,1.0,0.5
30,36.7,-0.2,-6.1,0.63,8.6,-162.8,4,필수,1,1.5,0.5
30,36.7,-0.2,-6.1,0.63,8.6,-162.8,3,필수,1,1.5,0.5
88,45.5,-0.07,-6.6,0.85,14.0,-173.0,4,가중,1,1.0,0.5
69,42.0,-0.1,-6.7,0.81,9.4,-274.9,4,가중,2,1.0,1.0
91,46.2,-0.08,-7.1,0.85,17.1,-211.3,3,가중,1,1.0,1.0
69,42.0,-0.1,-7.1,0.8,10.0,-274.5,4,가중,2,1.0,0.5
72,41.7,-0.11,-7.6,0.8,10.4,-305.6,3,가중,2,1.0,1.0
88,45.5,-0.09,-8.1,0.82,16.1,-194.6,4,가중,1,1.0,1.0
72,41.7,-0.11,-8.1,0.79,11.0,-305.3,3,가중,2,1.0,0.5
47,40.4,-0.18,-8.6,0.67,12.7,-230.6,5,필수,1,1.0,2.0
56,41.1,-0.16,-9.2,0.7,14.6,-211.9,4,필수,1,1.0,2.0
56,41.1,-0.16,-9.2,0.7,14.6,-211.9,3,필수,1,1.0,2.0
47,36.2,-0.26,-12.4,0.56,16.0,-280.7,5,필수,1,1.0,1.0
56,37.5,-0.24,-13.2,0.59,17.7,-261.9,4,필수,1,1.0,1.0
56,37.5,-0.24,-13.2,0.59,17.7,-261.9,3,필수,1,1.0,1.0
47,34.0,-0.28,-13.2,0.53,16.0,-285.1,5,필수,1,1.0,0.5
56,35.7,-0.25,-14.0,0.57,17.7,-266.1,4,필수,1,1.0,0.5
56,35.7,-0.25,-14.0,0.57,17.7,-266.1,3,필수,1,1.0,0.5
